"","first.contact","phase","cage","new.bat","observer","actor","receiver","behav","time","duration","min","dir.dyad"
"1",1,1,1,"una","David","una","hilga","s",2016-07-02 00:48:24,21,"07-02 00:48","una_hilga"
"2",1,1,1,"una","David","una","scs","s",2016-07-02 02:00:22,7,"07-02 02:00","una_scs"
"3",1,1,1,"una","David","una","hilga","g",2016-07-02 02:08:28,17,"07-02 02:08","una_hilga"
"4",1,1,1,"una","David","rc","una","s",2016-07-02 03:58:14,25,"07-02 03:58","rc_una"
"5",1,1,1,"una","David","scs","una","x",2016-07-02 04:51:31,13,"07-02 04:51","scs_una"
"6",2,1,2,"dos","David","dos","sss","g",2016-07-02 01:00:00,210,"07-02 01:00","dos_sss"
"7",2,1,2,"dos","David","dos","sss","m",2016-07-02 01:03:30,45,"07-02 01:03","dos_sss"
"8",2,1,2,"dos","David","sss","dos","g",2016-07-02 01:04:15,80,"07-02 01:04","sss_dos"
"9",2,1,2,"dos","David","dos","sss","m",2016-07-02 01:05:35,41,"07-02 01:05","dos_sss"
"10",2,1,2,"dos","David","sss","dos","m",2016-07-02 01:06:16,19,"07-02 01:06","sss_dos"
"11",2,1,2,"dos","David","dos","sss","m",2016-07-02 01:06:37,38,"07-02 01:06","dos_sss"
"12",2,1,2,"dos","David","ccs","dos","g",2016-07-02 01:09:35,7,"07-02 01:09","ccs_dos"
"13",2,1,2,"dos","David","ccs","dos","s",2016-07-02 01:41:10,20,"07-02 01:41","ccs_dos"
"14",2,1,2,"dos","David","sss","dos","g",2016-07-02 02:15:24,132,"07-02 02:15","sss_dos"
"15",2,1,2,"dos","David","sss","dos","g",2016-07-02 02:18:06,197,"07-02 02:18","sss_dos"
"16",2,1,2,"dos","David","ccs","dos","s",2016-07-02 02:19:15,5,"07-02 02:19","ccs_dos"
"17",2,1,2,"dos","David","sss","dos","g",2016-07-02 02:45:55,120,"07-02 02:45","sss_dos"
"18",2,1,2,"dos","David","sss","dos","g",2016-07-02 02:53:56,18,"07-02 02:53","sss_dos"
"19",2,1,2,"dos","David","dos","sss","g",2016-07-02 04:54:26,89,"07-02 04:54","dos_sss"
"20",2,1,2,"dos","David","sss","dos","g",2016-07-02 05:02:45,67,"07-02 05:02","sss_dos"
"21",3,1,3,"tes","David","tes","sd","g",2016-07-02 00:47:32,5,"07-02 00:47","tes_sd"
"22",3,1,3,"tes","David","sd","tes","s",2016-07-02 00:50:45,79,"07-02 00:50","sd_tes"
"23",3,1,3,"tes","David","scc","tes","s",2016-07-02 00:51:55,9,"07-02 00:51","scc_tes"
"24",3,1,3,"tes","David","scc","tes","s",2016-07-02 00:54:29,5,"07-02 00:54","scc_tes"
"25",3,1,3,"tes","David","tes","scc","s",2016-07-02 00:56:18,10,"07-02 00:56","tes_scc"
"26",3,1,3,"tes","David","tes","scc","g",2016-07-02 00:56:28,9,"07-02 00:56","tes_scc"
"27",3,1,3,"tes","David","tes","scc","s",2016-07-02 01:41:45,7,"07-02 01:41","tes_scc"
"28",3,1,3,"tes","David","tes","scc","g",2016-07-02 02:29:04,6,"07-02 02:29","tes_scc"
"29",3,1,3,"tes","David","scc","tes","m",2016-07-02 02:32:41,10,"07-02 02:32","scc_tes"
"30",3,1,3,"tes","David","scc","tes","m",2016-07-02 03:13:05,5,"07-02 03:13","scc_tes"
"31",4,1,4,"cat","David","csc","cat","s",2016-07-02 01:17:20,8,"07-02 01:17","csc_cat"
"32",4,1,4,"cat","David","csc","cat","g",2016-07-02 03:59:10,50,"07-02 03:59","csc_cat"
"33",5,1,5,"ivy","David","ccc","ivy","s",2016-07-02 00:39:02,8,"07-02 00:39","ccc_ivy"
"34",5,1,5,"ivy","David","ccc","ivy","s",2016-07-02 01:09:53,10,"07-02 01:09","ccc_ivy"
"35",5,1,5,"ivy","David","ivy","ccc","s",2016-07-02 01:48:01,7,"07-02 01:48","ivy_ccc"
"36",5,1,5,"ivy","David","ccc","ivy","s",2016-07-02 02:00:28,11,"07-02 02:00","ccc_ivy"
"37",5,1,5,"ivy","David","ivy","ccc","s",2016-07-02 02:55:04,54,"07-02 02:55","ivy_ccc"
"38",5,1,5,"ivy","David","ccc","ivy","s",2016-07-02 03:42:54,7,"07-02 03:42","ccc_ivy"
"39",5,1,5,"ivy","David","ccc","ivy","g",2016-07-02 03:48:48,35,"07-02 03:48","ccc_ivy"
"40",5,1,5,"ivy","David","ivy","ccc","g",2016-07-02 03:48:48,33,"07-02 03:48","ivy_ccc"
"41",5,1,5,"ivy","David","ccc","ivy","g",2016-07-02 03:49:28,103,"07-02 03:49","ccc_ivy"
"42",5,1,5,"ivy","David","ivy","ccc","g",2016-07-02 03:49:28,103,"07-02 03:49","ivy_ccc"
"43",5,1,5,"ivy","David","ccc","ivy","g",2016-07-02 03:51:20,25,"07-02 03:51","ccc_ivy"
"44",5,1,5,"ivy","David","ivy","ccc","g",2016-07-02 03:51:20,25,"07-02 03:51","ivy_ccc"
"45",5,1,5,"ivy","David","ccc","ivy","g",2016-07-02 03:52:36,33,"07-02 03:52","ccc_ivy"
"46",5,1,5,"ivy","David","ivy","ccc","g",2016-07-02 03:52:54,16,"07-02 03:52","ivy_ccc"
"47",5,1,5,"ivy","David","ccc","ivy","g",2016-07-02 03:53:20,80,"07-02 03:53","ccc_ivy"
"48",5,1,5,"ivy","David","ivy","ccc","g",2016-07-02 03:53:20,65,"07-02 03:53","ivy_ccc"
"49",5,1,5,"ivy","David","ivy","ccc","g",2016-07-02 04:51:44,13,"07-02 04:51","ivy_ccc"
"50",5,1,5,"ivy","David","ivy","ccc","g",2016-07-02 04:51:44,8,"07-02 04:51","ivy_ccc"
"51",6,1,6,"six","David","dcd","six","s",2016-07-02 00:38:58,11,"07-02 00:38","dcd_six"
"52",6,1,6,"six","David","dcd","six","s",2016-07-02 00:40:16,17,"07-02 00:40","dcd_six"
"53",6,1,6,"six","David","six","dcd","s",2016-07-02 01:02:38,8,"07-02 01:02","six_dcd"
"54",6,1,6,"six","David","dcd","six","s",2016-07-02 01:15:32,15,"07-02 01:15","dcd_six"
"55",6,1,6,"six","David","six","dcd","m",2016-07-02 01:15:43,5,"07-02 01:15","six_dcd"
"56",6,1,6,"six","David","dcd","six","s",2016-07-02 01:45:51,24,"07-02 01:45","dcd_six"
"57",6,1,6,"six","David","dcd","six","s",2016-07-02 02:07:40,5,"07-02 02:07","dcd_six"
"58",6,1,6,"six","David","dcd","six","s",2016-07-02 02:08:51,8,"07-02 02:08","dcd_six"
"59",6,1,6,"six","David","dcd","six","s",2016-07-02 02:18:22,7,"07-02 02:18","dcd_six"
"60",6,1,6,"six","David","dcd","six","s",2016-07-02 03:16:45,9,"07-02 03:16","dcd_six"
"61",6,1,6,"six","David","dcd","six","s",2016-07-02 04:25:12,13,"07-02 04:25","dcd_six"
"62",6,1,6,"six","David","dcd","six","s",2016-07-02 04:25:42,26,"07-02 04:25","dcd_six"
"63",6,1,6,"six","David","dcd","six","s",2016-07-02 04:28:26,21,"07-02 04:28","dcd_six"
"64",6,1,6,"six","David","six","dcd","x",2016-07-02 04:52:48,25,"07-02 04:52","six_dcd"
"65",6,1,6,"six","David","dcd","six","s",2016-07-02 04:58:18,10,"07-02 04:58","dcd_six"
"66",6,1,6,"six","David","dcd","six","s",2016-07-02 05:00:40,18,"07-02 05:00","dcd_six"
"67",7,1,7,"eve","David","eve","dd","s",2016-07-02 03:21:52,202,"07-02 03:21","eve_dd"
"68",7,1,7,"eve","David","dd","eve","g",2016-07-02 03:40:42,28,"07-02 03:40","dd_eve"
"69",7,1,7,"eve","David","eve","dd","x",2016-07-02 03:53:06,16,"07-02 03:53","eve_dd"
"70",7,1,7,"eve","David","dd","eve","s",2016-07-02 04:48:45,6,"07-02 04:48","dd_eve"
"71",7,1,7,"eve","David","dd","eve","s",2016-07-02 04:53:22,19,"07-02 04:53","dd_eve"
"72",7,1,7,"eve","David","eve","dd","s",2016-07-02 05:56:20,8,"07-02 05:56","eve_dd"
"73",8,1,8,"ola","David","d","ola","s",2016-07-02 00:41:26,14,"07-02 00:41","d_ola"
"74",8,1,8,"ola","David","ola","d","s",2016-07-02 00:41:50,9,"07-02 00:41","ola_d"
"75",8,1,8,"ola","David","ola","d","s",2016-07-02 00:42:33,10,"07-02 00:42","ola_d"
"76",8,1,8,"ola","David","ola","d","s",2016-07-02 00:42:52,10,"07-02 00:42","ola_d"
"77",8,1,8,"ola","David","d","ola","s",2016-07-02 00:43:27,5,"07-02 00:43","d_ola"
"78",8,1,8,"ola","David","ola","d","s",2016-07-02 00:43:49,10,"07-02 00:43","ola_d"
"79",8,1,8,"ola","David","d","ola","g",2016-07-02 00:49:28,19,"07-02 00:49","d_ola"
"80",8,1,8,"ola","David","ola","d","g?",2016-07-02 00:52:14,32,"07-02 00:52","ola_d"
"81",8,1,8,"ola","David","ola","d","s",2016-07-02 01:15:21,11,"07-02 01:15","ola_d"
"82",8,1,8,"ola","David","d","ola","g",2016-07-02 01:21:51,10,"07-02 01:21","d_ola"
"83",8,1,8,"ola","David","ola","d","s",2016-07-02 02:08:04,7,"07-02 02:08","ola_d"
"84",8,1,8,"ola","David","ola","d","g?",2016-07-02 02:30:31,20,"07-02 02:30","ola_d"
"85",8,1,8,"ola","David","ola","d","g",2016-07-02 03:18:41,20,"07-02 03:18","ola_d"
"86",8,1,8,"ola","David","ola","d","s",2016-07-02 03:19:26,12,"07-02 03:19","ola_d"
"87",8,1,8,"ola","David","ola","d","s",2016-07-02 04:06:54,18,"07-02 04:06","ola_d"
"88",8,1,8,"ola","David","ola","d","s",2016-07-02 04:09:48,9,"07-02 04:09","ola_d"
"89",8,1,8,"ola","David","ola","d","g?",2016-07-02 04:13:19,8,"07-02 04:13","ola_d"
"90",8,1,8,"ola","David","ola","d","s",2016-07-02 04:22:33,11,"07-02 04:22","ola_d"
"91",8,1,8,"ola","David","ola","d","s",2016-07-02 05:19:18,16,"07-02 05:19","ola_d"
"92",9,2,1,"eve","David","rc","eve","s",2016-07-06 23:52:46,16,"07-06 23:52","rc_eve"
"93",9,2,1,"eve","David","scs","eve","s",2016-07-06 23:52:46,25,"07-06 23:52","scs_eve"
"94",9,2,1,"eve","David","eve","scs","g",2016-07-07 00:03:10,25,"07-07 00:03","eve_scs"
"95",9,2,1,"eve","David","eve","scs","g",2016-07-07 00:04:22,34,"07-07 00:04","eve_scs"
"96",9,2,1,"eve","David","eve","rc","g",2016-07-07 00:07:14,52,"07-07 00:07","eve_rc"
"97",9,2,1,"eve","David","rc","eve","s",2016-07-07 01:27:46,16,"07-07 01:27","rc_eve"
"98",9,2,1,"eve","David","eve","scs","g",2016-07-07 01:29:18,12,"07-07 01:29","eve_scs"
"99",9,2,1,"eve","David","eve","rc","g",2016-07-07 01:30:53,29,"07-07 01:30","eve_rc"
"100",9,2,1,"eve","David","rc","eve","g",2016-07-07 01:30:54,28,"07-07 01:30","rc_eve"
"101",9,2,1,"eve","David","rc","eve","g",2016-07-07 01:31:28,8,"07-07 01:31","rc_eve"
"102",9,2,1,"eve","David","eve","rc","g",2016-07-07 01:31:28,8,"07-07 01:31","eve_rc"
"103",9,2,1,"eve","David","eve","scs","g",2016-07-07 01:41:47,23,"07-07 01:41","eve_scs"
"104",9,2,1,"eve","David","scs","eve","g",2016-07-07 01:41:53,17,"07-07 01:41","scs_eve"
"105",9,2,1,"eve","David","rc","eve","g",2016-07-07 01:45:06,15,"07-07 01:45","rc_eve"
"106",9,2,1,"eve","David","eve","hilga","g",2016-07-07 01:52:06,10,"07-07 01:52","eve_hilga"
"107",9,2,1,"eve","David","eve","hilga","g",2016-07-07 01:53:26,12,"07-07 01:53","eve_hilga"
"108",9,2,1,"eve","David","eve","rc","g",2016-07-07 01:56:40,37,"07-07 01:56","eve_rc"
"109",9,2,1,"eve","David","rc","eve","g",2016-07-07 02:05:47,23,"07-07 02:05","rc_eve"
"110",9,2,1,"eve","David","eve","rc","g",2016-07-07 02:05:49,21,"07-07 02:05","eve_rc"
"111",9,2,1,"eve","David","eve","scs","g",2016-07-07 02:06:37,7,"07-07 02:06","eve_scs"
"112",9,2,1,"eve","David","eve","scs","g",2016-07-07 02:06:50,8,"07-07 02:06","eve_scs"
"113",9,2,1,"eve","David","eve","rc","g",2016-02-07 02:07:16,65,"02-07 02:07","eve_rc"
"114",9,2,1,"eve","David","eve","rc","g",2016-07-07 02:08:30,132,"07-07 02:08","eve_rc"
"115",9,2,1,"eve","David","rc","eve","g",2016-07-07 02:10:01,41,"07-07 02:10","rc_eve"
"116",9,2,1,"eve","David","eve","rc","g",2016-07-07 02:10:51,10,"07-07 02:10","eve_rc"
"117",9,2,1,"eve","David","eve","rc","g",2016-07-07 02:11:10,8,"07-07 02:11","eve_rc"
"118",9,2,1,"eve","David","eve","rc","g",2016-07-07 02:15:19,10,"07-07 02:15","eve_rc"
"119",9,2,1,"eve","David","eve","scs","g",2016-07-07 02:16:52,22,"07-07 02:16","eve_scs"
"120",9,2,1,"eve","David","scs","eve","g",2016-07-07 02:16:53,17,"07-07 02:16","scs_eve"
"121",9,2,1,"eve","David","eve","scs","g",2016-07-07 02:17:30,26,"07-07 02:17","eve_scs"
"122",9,2,1,"eve","David","eve","rc","g",2016-07-07 02:19:44,10,"07-07 02:19","eve_rc"
"123",9,2,1,"eve","David","eve","scs","g",2016-07-07 03:17:48,70,"07-07 03:17","eve_scs"
"124",9,2,1,"eve","David","scs","eve","g",2016-07-07 03:18:03,46,"07-07 03:18","scs_eve"
"125",9,2,1,"eve","David","eve","scs","g",2016-07-07 03:20:38,17,"07-07 03:20","eve_scs"
"126",10,2,2,"una","David","ccs","una","s",2016-07-06 23:30:33,7,"07-06 23:30","ccs_una"
"127",10,2,2,"una","David","ccs","una","s",2016-07-06 23:56:06,10,"07-06 23:56","ccs_una"
"128",10,2,2,"una","David","sc","una","s",2016-07-06 23:56:51,19,"07-06 23:56","sc_una"
"129",10,2,2,"una","David","una","sc","s",2016-07-06 23:56:51,19,"07-06 23:56","una_sc"
"130",10,2,2,"una","David","ccs","una","s",2016-07-06 23:57:00,10,"07-06 23:57","ccs_una"
"131",10,2,2,"una","David","sss","una","g",2016-07-06 23:58:02,19,"07-06 23:58","sss_una"
"132",10,2,2,"una","David","una","sss","m",2016-07-06 23:58:25,12,"07-06 23:58","una_sss"
"133",10,2,2,"una","David","una","sc","m",2016-07-07 00:15:11,6,"07-07 00:15","una_sc"
"134",10,2,2,"una","David","sc","una","m",2016-07-07 00:23:30,6,"07-07 00:23","sc_una"
"135",10,2,2,"una","David","ccs","una","s",2016-07-07 00:35:21,16,"07-07 00:35","ccs_una"
"136",10,2,2,"una","David","ccs","una","s",2016-07-07 01:29:09,9,"07-07 01:29","ccs_una"
"137",10,2,2,"una","David","una","ccs","m",2016-07-07 01:29:14,6,"07-07 01:29","una_ccs"
"138",10,2,2,"una","David","ccs","una","g",2016-07-07 01:30:04,16,"07-07 01:30","ccs_una"
"139",10,2,2,"una","David","una","ccs","g",2016-07-07 01:30:05,15,"07-07 01:30","una_ccs"
"140",10,2,2,"una","David","una","sss","m",2016-07-07 01:33:21,9,"07-07 01:33","una_sss"
"141",10,2,2,"una","David","ccs","una","g",2016-07-07 01:34:06,5,"07-07 01:34","ccs_una"
"142",10,2,2,"una","David","una","ccs","g",2016-07-07 01:34:06,8,"07-07 01:34","una_ccs"
"143",10,2,2,"una","David","una","sc","g",2016-07-07 01:34:40,15,"07-07 01:34","una_sc"
"144",10,2,2,"una","David","una","sc","m",2016-07-07 01:36:08,21,"07-07 01:36","una_sc"
"145",10,2,2,"una","David","sc","una","m",2016-07-07 01:36:17,12,"07-07 01:36","sc_una"
"146",11,2,3,"dos","David","scc","dos","g",2016-07-06 23:30:21,23,"07-06 23:30","scc_dos"
"147",11,2,3,"dos","David","sd","dos","s",2016-07-06 23:30:22,17,"07-06 23:30","sd_dos"
"148",11,2,3,"dos","David","c","dos","s",2016-07-06 23:30:26,12,"07-06 23:30","c_dos"
"149",11,2,3,"dos","David","scc","dos","g",2016-07-06 23:31:32,10,"07-06 23:31","scc_dos"
"150",11,2,3,"dos","David","scc","dos","g",2016-07-06 23:52:15,10,"07-06 23:52","scc_dos"
"151",11,2,3,"dos","David","c","dos","s",2016-07-06 23:52:15,8,"07-06 23:52","c_dos"
"152",11,2,3,"dos","David","scc","dos","s",2016-07-07 00:14:03,5,"07-07 00:14","scc_dos"
"153",11,2,3,"dos","David","sd","dos","s",2016-07-07 00:14:07,11,"07-07 00:14","sd_dos"
"154",11,2,3,"dos","David","c","dos","s",2016-07-07 00:14:07,11,"07-07 00:14","c_dos"
"155",11,2,3,"dos","David","c","dos","g",2016-07-07 00:15:36,89,"07-07 00:15","c_dos"
"156",11,2,3,"dos","David","dos","c","g",2016-07-07 00:15:38,16,"07-07 00:15","dos_c"
"157",11,2,3,"dos","David","dos","c","g",2016-07-07 00:16:19,29,"07-07 00:16","dos_c"
"158",11,2,3,"dos","David","c","dos","g",2016-07-07 00:17:23,9,"07-07 00:17","c_dos"
"159",11,2,3,"dos","David","c","dos","g",2016-07-07 00:18:05,277,"07-07 00:18","c_dos"
"160",11,2,3,"dos","David","dos","c","g",2016-07-07 00:18:23,171,"07-07 00:18","dos_c"
"161",11,2,3,"dos","David","dos","c","g",2016-07-07 00:22:18,24,"07-07 00:22","dos_c"
"162",11,2,3,"dos","David","dos","sd","g",2016-07-07 00:22:47,10,"07-07 00:22","dos_sd"
"163",11,2,3,"dos","David","scc","dos","g",2016-07-07 00:25:03,144,"07-07 00:25","scc_dos"
"164",11,2,3,"dos","David","dos","scc","g",2016-07-07 00:26:21,66,"07-07 00:26","dos_scc"
"165",11,2,3,"dos","David","scc","dos","g",2016-07-07 00:40:42,13,"07-07 00:40","scc_dos"
"166",11,2,3,"dos","David","dos","c","g",2016-07-07 01:44:04,78,"07-07 01:44","dos_c"
"167",11,2,3,"dos","David","c","dos","g",2016-07-07 01:44:04,78,"07-07 01:44","c_dos"
"168",11,2,3,"dos","David","c","dos","g",2016-07-07 03:41:16,175,"07-07 03:41","c_dos"
"169",11,2,3,"dos","David","dos","c","g",2016-07-07 03:41:16,175,"07-07 03:41","dos_c"
"170",12,2,4,"tes","David","s","tes","s",2016-07-06 23:48:59,7,"07-06 23:48","s_tes"
"171",12,2,4,"tes","David","csc","tes","g",2016-07-07 00:49:47,9,"07-07 00:49","csc_tes"
"172",13,2,5,"cat","David","ccc","cat","s",2016-07-06 23:52:34,9,"07-06 23:52","ccc_cat"
"173",13,2,5,"cat","David","ccc","cat","s",2016-07-06 23:52:49,9,"07-06 23:52","ccc_cat"
"174",13,2,5,"cat","David","cat","ccc","m?",2016-07-06 23:54:35,10,"07-06 23:54","cat_ccc"
"175",13,2,5,"cat","David","ccc","cat","s",2016-07-06 03:01:04,10,"07-06 03:01","ccc_cat"
"176",14,2,6,"ivy","David","ivy","dcd","g?",2016-07-06 23:54:25,10,"07-06 23:54","ivy_dcd"
"177",14,2,6,"ivy","David","dcd","ivy","g",2016-07-06 23:54:34,21,"07-06 23:54","dcd_ivy"
"178",14,2,6,"ivy","David","dcd","ivy","g",2016-07-06 23:55:03,25,"07-06 23:55","dcd_ivy"
"179",14,2,6,"ivy","David","dcd","ivy","g",2016-07-06 01:29:55,9,"07-06 01:29","dcd_ivy"
"180",14,2,6,"ivy","David","dcd","ivy","g",2016-07-06 01:56:19,28,"07-06 01:56","dcd_ivy"
"181",14,2,6,"ivy","David","dcd","ivy","g",2016-07-06 02:07:00,371,"07-06 02:07","dcd_ivy"
"182",14,2,6,"ivy","David","ivy","dcd","g",2016-07-06 02:07:48,323,"07-06 02:07","ivy_dcd"
"183",14,2,6,"ivy","David","dcd","ivy","g",2016-07-06 02:13:21,18,"07-06 02:13","dcd_ivy"
"184",14,2,6,"ivy","David","ivy","dcd","g",2016-07-06 02:13:58,16,"07-06 02:13","ivy_dcd"
"185",14,2,6,"ivy","David","dcd","ivy","g",2016-07-06 02:13:58,16,"07-06 02:13","dcd_ivy"
"186",14,2,6,"ivy","David","dcd","ivy","g",2016-07-06 02:14:30,245,"07-06 02:14","dcd_ivy"
"187",14,2,6,"ivy","David","ivy","dcd","g",2016-07-06 02:14:50,225,"07-06 02:14","ivy_dcd"
"188",14,2,6,"ivy","David","dcd","ivy","g",2016-07-06 03:11:37,64,"07-06 03:11","dcd_ivy"
"189",14,2,6,"ivy","David","dcd","ivy","m?",2016-07-06 03:13:04,33,"07-06 03:13","dcd_ivy"
"190",14,2,6,"ivy","David","ivy","dcd","m?",2016-07-06 03:13:05,29,"07-06 03:13","ivy_dcd"
"191",14,2,6,"ivy","David","dcd","ivy","g",2016-07-06 03:13:39,63,"07-06 03:13","dcd_ivy"
"192",14,2,6,"ivy","David","dcd","ivy","g",2016-07-06 03:19:00,161,"07-06 03:19","dcd_ivy"
"193",14,2,6,"ivy","David","ivy","dcd","g",2016-07-06 03:19:20,141,"07-06 03:19","ivy_dcd"
"194",14,2,6,"ivy","David","ivy","dcd","g?",2016-07-06 03:23:14,10,"07-06 03:23","ivy_dcd"
"195",14,2,6,"ivy","David","dcd","ivy","g",2016-07-06 03:27:53,21,"07-06 03:27","dcd_ivy"
"196",14,2,6,"ivy","David","dcd","ivy","g",2016-07-06 03:42:25,34,"07-06 03:42","dcd_ivy"
"197",14,2,6,"ivy","David","dcd","ivy","g",2016-07-06 03:44:17,86,"07-06 03:44","dcd_ivy"
"198",14,2,6,"ivy","David","ivy","dcd","g",2016-07-06 03:45:19,24,"07-06 03:45","ivy_dcd"
"199",15,2,7,"six","David","dd","six","s",2016-07-06 23:52:31,14,"07-06 23:52","dd_six"
"200",15,2,7,"six","David","six","dd","s",2016-07-06 23:53:49,12,"07-06 23:53","six_dd"
"201",15,2,7,"six","David","six","dd","m",2016-07-06 23:54:01,8,"07-06 23:54","six_dd"
"202",15,2,7,"six","David","six","dd","s",2016-07-07 00:12:40,15,"07-07 00:12","six_dd"
"203",20,3,4,"cat","David","dd","cat","s",2016-08-25 22:38:42,13,"08-25 22:38","dd_cat"
"204",20,3,4,"cat","David","dd","cat","s",2016-08-25 22:51:14,5,"08-25 22:51","dd_cat"
"205",20,3,4,"cat","David","cat","dd","s",2016-08-25 23:05:13,7,"08-25 23:05","cat_dd"
"206",20,3,4,"cat","David","cat","dd","s",2016-08-25 23:21:54,8,"08-25 23:21","cat_dd"
"207",20,3,4,"cat","David","dd","cat","s",2016-08-26 03:07:23,14,"08-26 03:07","dd_cat"
"208",20,3,4,"cat","David","dd","cat","s",2016-08-26 03:09:04,6,"08-26 03:09","dd_cat"
"209",20,3,4,"cat","David","dd","cat","s",2016-08-26 03:30:07,11,"08-26 03:30","dd_cat"
"210",20,3,4,"cat","David","dd","cat","s",2016-08-26 03:36:55,9,"08-26 03:36","dd_cat"
"211",20,3,4,"cat","David","dd","cat","s",2016-08-26 03:37:14,16,"08-26 03:37","dd_cat"
"212",23,3,7,"eve","David","eve","dcd","g",2016-08-25 22:17:26,25,"08-25 22:17","eve_dcd"
"213",23,3,7,"eve","David","dcd","eve","g",2016-08-25 22:17:54,15,"08-25 22:17","dcd_eve"
"214",23,3,7,"eve","David","eve","dcd","g",2016-08-25 22:17:58,11,"08-25 22:17","eve_dcd"
"215",23,3,7,"eve","David","dcd","eve","g",2016-08-25 22:20:18,12,"08-25 22:20","dcd_eve"
"216",23,3,7,"eve","David","eve","dcd","g",2016-08-25 22:20:15,15,"08-25 22:20","eve_dcd"
"217",23,3,7,"eve","David","eve","dcd","g",2016-08-25 22:20:52,130,"08-25 22:20","eve_dcd"
"218",23,3,7,"eve","David","dcd","eve","g",2016-08-25 22:21:01,128,"08-25 22:21","dcd_eve"
"219",23,3,7,"eve","David","eve","dcd","m",2016-08-25 22:23:51,5,"08-25 22:23","eve_dcd"
"220",23,3,7,"eve","David","dcd","eve","g",2016-08-25 22:23:56,91,"08-25 22:23","dcd_eve"
"221",23,3,7,"eve","David","eve","dcd","g",2016-08-25 22:24:21,59,"08-25 22:24","eve_dcd"
"222",23,3,7,"eve","David","eve","dcd","m",2016-08-25 22:26:11,44,"08-25 22:26","eve_dcd"
"223",23,3,7,"eve","David","dcd","eve","m",2016-08-25 22:26:13,42,"08-25 22:26","dcd_eve"
"224",23,3,7,"eve","David","eve","dcd","g",2016-08-25 22:35:39,56,"08-25 22:35","eve_dcd"
"225",23,3,7,"eve","David","eve","dcd","g",2016-08-25 23:10:53,22,"08-25 23:10","eve_dcd"
"226",23,3,7,"eve","David","eve","dcd","s",2016-08-25 23:31:35,8,"08-25 23:31","eve_dcd"
"227",23,3,7,"eve","David","dcd","eve","shoving?",2016-08-25 23:33:35,3,"08-25 23:33","dcd_eve"
"228",23,3,7,"eve","David","dcd","eve","shoving?",2016-08-25 23:31:43,2,"08-25 23:31","dcd_eve"
"229",23,3,7,"eve","David","dcd","eve","s",2016-08-26 01:23:27,9,"08-26 01:23","dcd_eve"
"230",23,3,7,"eve","David","dcd","eve","shoving?",2016-08-26 01:28:50,4,"08-26 01:28","dcd_eve"
"231",23,3,7,"eve","David","dcd","eve","shoving?",2016-08-26 01:44:16,3,"08-26 01:44","dcd_eve"
"232",23,3,7,"eve","David","dcd","eve","crawling between legs",2016-08-26 01:56:40,2,"08-26 01:56","dcd_eve"
"233",23,3,7,"eve","David","dcd","eve","g",2016-08-26 02:27:41,7,"08-26 02:27","dcd_eve"
"234",23,3,7,"eve","David","eve","dcd","g",2016-08-26 02:27:43,5,"08-26 02:27","eve_dcd"
"235",23,3,7,"eve","David","dcd","eve","g",2016-08-26 02:27:51,69,"08-26 02:27","dcd_eve"
"236",23,3,7,"eve","David","eve","dcd","g",2016-08-26 02:27:51,213,"08-26 02:27","eve_dcd"
"237",23,3,7,"eve","David","eve","dcd","g",2016-08-26 02:31:30,113,"08-26 02:31","eve_dcd"
"238",23,3,7,"eve","David","dcd","eve","g",2016-08-26 02:33:10,13,"08-26 02:33","dcd_eve"
"239",23,3,7,"eve","David","dcd","eve","g",2016-08-26 02:33:28,173,"08-26 02:33","dcd_eve"
"240",23,3,7,"eve","David","eve","dcd","g",2016-08-26 02:33:36,165,"08-26 02:33","eve_dcd"
"241",23,3,7,"eve","David","dcd","eve","g",2016-08-26 02:57:43,5,"08-26 02:57","dcd_eve"
"242",21,3,5,"ivy","David","c","ivy","g",2016-08-25 22:18:47,36,"08-25 22:18","c_ivy"
"243",21,3,5,"ivy","David","ivy","c","g",2016-08-25 22:18:48,25,"08-25 22:18","ivy_c"
"244",21,3,5,"ivy","David","c","ivy","g",2016-08-25 22:19:29,271,"08-25 22:19","c_ivy"
"245",21,3,5,"ivy","David","ivy","c","g",2016-08-25 22:19:30,256,"08-25 22:19","ivy_c"
"246",21,3,5,"ivy","David","c","ivy","g",2016-08-25 22:24:13,97,"08-25 22:24","c_ivy"
"247",21,3,5,"ivy","David","ivy","c","g",2016-08-25 22:31:02,482,"08-25 22:31","ivy_c"
"248",21,3,5,"ivy","David","c","ivy","g",2016-08-25 22:35:39,83,"08-25 22:35","c_ivy"
"249",21,3,5,"ivy","David","c","ivy","g",2016-08-25 22:37:29,18,"08-25 22:37","c_ivy"
"250",21,3,5,"ivy","David","c","ivy","g",2016-08-25 22:41:33,29,"08-25 22:41","c_ivy"
"251",21,3,5,"ivy","David","c","ivy","g",2016-08-25 22:47:27,15,"08-25 22:47","c_ivy"
"252",21,3,5,"ivy","David","c","ivy","m?",2016-08-25 22:47:46,10,"08-25 22:47","c_ivy"
"253",21,3,5,"ivy","David","c","ivy","g",2016-08-25 22:48:33,55,"08-25 22:48","c_ivy"
"254",21,3,5,"ivy","David","c","ivy","g",2016-08-25 22:49:37,11,"08-25 22:49","c_ivy"
"255",21,3,5,"ivy","David","ivy","c","g",2016-08-25 22:49:38,10,"08-25 22:49","ivy_c"
"256",21,3,5,"ivy","David","c","ivy","g",2016-08-25 22:50:07,31,"08-25 22:50","c_ivy"
"257",21,3,5,"ivy","David","ivy","c","g",2016-08-25 22:50:07,6,"08-25 22:50","ivy_c"
"258",21,3,5,"ivy","David","c","ivy","g",2016-08-25 23:03:23,5,"08-25 23:03","c_ivy"
"259",21,3,5,"ivy","David","c","ivy","g",2016-08-25 23:45:54,24,"08-25 23:45","c_ivy"
"260",21,3,5,"ivy","David","c","ivy","g",2016-08-25 23:46:45,125,"08-25 23:46","c_ivy"
"261",21,3,5,"ivy","David","ivy","c","g",2016-08-25 23:48:08,42,"08-25 23:48","ivy_c"
"262",21,3,5,"ivy","David","c","ivy","g",2016-08-25 23:48:58,16,"08-25 23:48","c_ivy"
"263",21,3,5,"ivy","David","c","ivy","g",2016-08-25 23:49:24,16,"08-25 23:49","c_ivy"
"264",21,3,5,"ivy","David","c","ivy","g",2016-08-25 23:49:50,52,"08-25 23:49","c_ivy"
"265",21,3,5,"ivy","David","ivy","c","g",2016-08-25 23:49:50,51,"08-25 23:49","ivy_c"
"266",21,3,5,"ivy","David","c","ivy","g",2016-08-25 23:52:47,10,"08-25 23:52","c_ivy"
"267",21,3,5,"ivy","David","ivy","c","g",2016-08-26 00:50:55,62,"08-26 00:50","ivy_c"
"268",21,3,5,"ivy","David","c","ivy","g",2016-08-26 00:50:35,138,"08-26 00:50","c_ivy"
"269",21,3,5,"ivy","David","ivy","c","g",2016-08-26 00:52:16,37,"08-26 00:52","ivy_c"
"270",21,3,5,"ivy","David","ivy","c","g",2016-08-26 00:53:33,199,"08-26 00:53","ivy_c"
"271",21,3,5,"ivy","David","c","ivy","g",2016-08-26 00:53:33,199,"08-26 00:53","c_ivy"
"272",21,3,5,"ivy","David","c","ivy","g",2016-08-26 01:01:35,9,"08-26 01:01","c_ivy"
"273",21,3,5,"ivy","David","ivy","c","g",2016-08-26 01:05:52,32,"08-26 01:05","ivy_c"
"274",21,3,5,"ivy","David","c","ivy","g",2016-08-26 01:05:53,39,"08-26 01:05","c_ivy"
"275",21,3,5,"ivy","David","c","ivy","g",2016-08-26 01:07:02,42,"08-26 01:07","c_ivy"
"276",21,3,5,"ivy","David","ivy","c","g",2016-08-26 01:07:02,42,"08-26 01:07","ivy_c"
"277",21,3,5,"ivy","David","c","ivy","g",2016-08-26 01:25:40,91,"08-26 01:25","c_ivy"
"278",21,3,5,"ivy","David","ivy","c","g",2016-08-26 01:25:40,50,"08-26 01:25","ivy_c"
"279",21,3,5,"ivy","David","c","ivy","g",2016-08-26 02:09:15,46,"08-26 02:09","c_ivy"
"280",21,3,5,"ivy","David","ivy","c","g",2016-08-26 02:09:15,31,"08-26 02:09","ivy_c"
"281",21,3,5,"ivy","David","ivy","c","g",2016-08-26 02:46:41,75,"08-26 02:46","ivy_c"
"282",21,3,5,"ivy","David","c","ivy","g",2016-08-26 02:46:28,92,"08-26 02:46","c_ivy"
"283",21,3,5,"ivy","David","c","ivy","g",2016-08-26 02:48:05,101,"08-26 02:48","c_ivy"
"284",21,3,5,"ivy","David","ivy","c","g",2016-08-26 02:48:20,86,"08-26 02:48","ivy_c"
"285",21,3,5,"ivy","David","ivy","c","g",2016-08-26 02:50:04,12,"08-26 02:50","ivy_c"
"286",21,3,5,"ivy","David","c","ivy","g",2016-08-26 02:50:23,435,"08-26 02:50","c_ivy"
"287",21,3,5,"ivy","David","ivy","c","g",2016-08-26 02:50:23,189,"08-26 02:50","ivy_c"
"288",21,3,5,"ivy","David","ivy","c","g",2016-08-26 02:54:00,218,"08-26 02:54","ivy_c"
"289",21,3,5,"ivy","David","c","ivy","g",2016-08-26 03:02:34,21,"08-26 03:02","c_ivy"
"290",21,3,5,"ivy","David","ivy","c","g",2016-08-26 03:02:39,39,"08-26 03:02","ivy_c"
"291",21,3,5,"ivy","David","ivy","c","g",2016-08-26 03:32:06,46,"08-26 03:32","ivy_c"
"292",21,3,5,"ivy","David","c","ivy","g",2016-08-26 03:32:06,44,"08-26 03:32","c_ivy"
"293",19,3,6,"six","David","six","csc","s",2016-08-25 22:31:20,8,"08-25 22:31","six_csc"
"294",19,3,6,"six","David","six","csc","s",2016-08-25 22:55:47,19,"08-25 22:55","six_csc"
"295",19,3,6,"six","David","csc","six","s",2016-08-26 03:31:23,13,"08-26 03:31","csc_six"
